country,density,deteil_url,flag_url,num,ranking,rate
中国,139.6,https://www.phb123.com/city/renkou/country_1.html,https://img.phb123.com/uploads/guoqi/CN.jpg,"1,395,380,000",1,0.39%
印度,411.87,https://www.phb123.com/city/renkou/country_2.html,https://img.phb123.com/uploads/guoqi/IN.jpg,"1,354,051,854",2,1.11%
美国,34.86,https://www.phb123.com/city/renkou/country_3.html,https://img.phb123.com/uploads/guoqi/US.jpg,"326,766,748",3,0.71%
印度尼西亚,140.08,https://www.phb123.com/city/renkou/country_4.html,https://img.phb123.com/uploads/guoqi/ID.jpg,"266,794,980",4,1.06%
巴西,24.76,https://www.phb123.com/city/renkou/country_5.html,https://img.phb123.com/uploads/guoqi/BR.jpg,"210,867,954",5,0.75%
巴基斯坦,227.7,https://www.phb123.com/city/renkou/country_6.html,https://img.phb123.com/uploads/defaultpic.gif,"200,813,818",6,1.93%
尼日利亚,212.04,https://www.phb123.com/city/renkou/country_7.html,https://img.phb123.com/uploads/guoqi/NG.jpg,"195,875,237",7,2.61%
孟加拉国,1127.38,https://www.phb123.com/city/renkou/country_8.html,https://img.phb123.com/uploads/defaultpic.gif,"166,368,149",8,1.03%
俄罗斯,8.42,https://www.phb123.com/city/renkou/country_9.html,https://img.phb123.com/uploads/guoqi/RU.jpg,"143,964,709",9,0.00%
墨西哥,66.57,https://www.phb123.com/city/renkou/country_10.html,https://img.phb123.com/uploads/guoqi/MX.jpg,"130,759,074",10,1.24%
日本,336.53,https://www.phb123.com/city/renkou/country_11.html,https://img.phb123.com/uploads/guoqi/JP.jpg,"127,185,332",11,0.00%
埃塞俄比亚,97.38,https://www.phb123.com/city/renkou/country_12.html,https://img.phb123.com/uploads/defaultpic.gif,"106,672,306",12,2.46%
菲律宾,311.12,https://www.phb123.com/city/renkou/country_13.html,https://img.phb123.com/uploads/guoqi/PH.jpg,"106,512,074",13,1.52%
埃及,99.13,https://www.phb123.com/city/renkou/country_14.html,https://img.phb123.com/uploads/guoqi/EG.jpg,"99,375,741",14,1.87%
越南,291.33,https://www.phb123.com/city/renkou/country_15.html,https://img.phb123.com/uploads/guoqi/VN.jpg,"96,491,146",15,0.99%
刚果民主共和国,34.7,https://www.phb123.com/city/renkou/country_16.html,https://img.phb123.com/uploads/defaultpic.gif,"82,643,624",16,3.09%
德国,230.44,https://www.phb123.com/city/renkou/country_17.html,https://img.phb123.com/uploads/guoqi/DE.jpg,"82,293,457",17,0.22%
伊朗,49.76,https://www.phb123.com/city/renkou/country_18.html,https://img.phb123.com/uploads/defaultpic.gif,"82,011,735",18,1.05%
土耳其,104.54,https://www.phb123.com/city/renkou/country_19.html,https://img.phb123.com/uploads/guoqi/TR.jpg,"81,916,871",19,1.45%
泰国,134.83,https://www.phb123.com/city/renkou/country_20.html,https://img.phb123.com/uploads/guoqi/TH.jpg,"69,183,173",20,0.21%
英国,274.08,https://www.phb123.com/city/renkou/country_21.html,https://img.phb123.com/uploads/defaultpic.gif,"66,573,504",21,0.59%
法国,118.24,https://www.phb123.com/city/renkou/country_22.html,https://img.phb123.com/uploads/guoqi/FR.jpg,"65,233,271",22,0.39%
意大利,196.76,https://www.phb123.com/city/renkou/country_23.html,https://img.phb123.com/uploads/guoqi/IT.jpg,"59,290,969",23,0.00%
坦桑尼亚,62.52,https://www.phb123.com/city/renkou/country_24.html,https://img.phb123.com/uploads/guoqi/TZ.jpg,"59,091,392",24,3.11%
南非,47.01,https://www.phb123.com/city/renkou/country_25.html,https://img.phb123.com/uploads/guoqi/ZA.jpg,"57,398,421",25,1.20%
缅甸,79.6,https://www.phb123.com/city/renkou/country_26.html,https://img.phb123.com/uploads/defaultpic.gif,"53,855,735",26,0.91%
韩国,510.57,https://www.phb123.com/city/renkou/country_27.html,https://img.phb123.com/uploads/guoqi/KR.jpg,"51,164,435",27,0.36%
肯尼亚,87.79,https://www.phb123.com/city/renkou/country_28.html,https://img.phb123.com/uploads/defaultpic.gif,"50,950,879",28,2.52%
哥伦比亚,43.32,https://www.phb123.com/city/renkou/country_29.html,https://img.phb123.com/uploads/guoqi/CO.jpg,"49,464,683",29,0.81%
西班牙,91.7,https://www.phb123.com/city/renkou/country_30.html,https://img.phb123.com/uploads/guoqi/ES.jpg,"46,397,452",30,0.09%
阿根廷,16.07,https://www.phb123.com/city/renkou/country_31.html,https://img.phb123.com/uploads/guoqi/AR.jpg,"44,688,864",31,0.94%
乌干达,183.28,https://www.phb123.com/city/renkou/country_32.html,https://img.phb123.com/uploads/defaultpic.gif,"44,270,563",32,3.28%
乌克兰,72.92,https://www.phb123.com/city/renkou/country_33.html,https://img.phb123.com/uploads/guoqi/UA.jpg,"44,009,214",33,0.00%
阿尔及利亚,17.64,https://www.phb123.com/city/renkou/country_34.html,https://img.phb123.com/uploads/guoqi/DZ.jpg,"42,008,054",34,1.67%
苏丹,22.01,https://www.phb123.com/city/renkou/country_35.html,https://img.phb123.com/uploads/defaultpic.gif,"41,511,526",35,2.41%
伊拉克,89.75,https://www.phb123.com/city/renkou/country_36.html,https://img.phb123.com/uploads/defaultpic.gif,"39,339,753",36,2.78%
波兰,121.87,https://www.phb123.com/city/renkou/country_37.html,https://img.phb123.com/uploads/guoqi/PL.jpg,"38,104,832",37,0.00%
加拿大,3.7,https://www.phb123.com/city/renkou/country_38.html,https://img.phb123.com/uploads/guoqi/CA.jpg,"36,953,765",38,0.90%
阿富汗,55.77,https://www.phb123.com/city/renkou/country_39.html,https://img.phb123.com/uploads/defaultpic.gif,"36,373,176",39,2.37%
摩洛哥,81.05,https://www.phb123.com/city/renkou/country_40.html,https://img.phb123.com/uploads/guoqi/MA.jpg,"36,191,805",40,1.27%
沙特阿拉伯,15.61,https://www.phb123.com/city/renkou/country_41.html,https://img.phb123.com/uploads/guoqi/SA.jpg,"33,554,343",41,1.87%
秘鲁,25.33,https://www.phb123.com/city/renkou/country_42.html,https://img.phb123.com/uploads/guoqi/PE.jpg,"32,551,815",42,1.20%
委内瑞拉,35.33,https://www.phb123.com/city/renkou/country_43.html,https://img.phb123.com/uploads/guoqi/VE.jpg,"32,381,221",43,1.26%
乌兹别克斯坦,72.34,https://www.phb123.com/city/renkou/country_44.html,https://img.phb123.com/uploads/defaultpic.gif,"32,364,996",44,1.42%
马来西亚,96.86,https://www.phb123.com/city/renkou/country_45.html,https://img.phb123.com/uploads/guoqi/MY.jpg,"32,042,458",45,1.32%
安哥拉,24.68,https://www.phb123.com/city/renkou/country_46.html,https://img.phb123.com/uploads/guoqi/AO.jpg,"30,774,205",46,3.32%
莫桑比克,38.09,https://www.phb123.com/city/renkou/country_47.html,https://img.phb123.com/uploads/defaultpic.gif,"30,528,673",47,2.90%
尼泊尔,201.28,https://www.phb123.com/city/renkou/country_48.html,https://img.phb123.com/uploads/guoqi/NP.jpg,"29,624,035",48,1.09%
加纳,123.52,https://www.phb123.com/city/renkou/country_49.html,https://img.phb123.com/uploads/defaultpic.gif,"29,463,643",49,2.18%
也门,54.77,https://www.phb123.com/city/renkou/country_50.html,https://img.phb123.com/uploads/defaultpic.gif,"28,915,284",50,2.35%
马达加斯加,44.6,https://www.phb123.com/city/renkou/country_51.html,https://img.phb123.com/uploads/defaultpic.gif,"26,262,810",51,2.71%
朝鲜,212.47,https://www.phb123.com/city/renkou/country_52.html,https://img.phb123.com/uploads/defaultpic.gif,"25,663,011",52,0.47%
科特迪瓦,77.24,https://www.phb123.com/city/renkou/country_53.html,https://img.phb123.com/uploads/defaultpic.gif,"24,905,843",53,2.52%
澳大利亚,3.22,https://www.phb123.com/city/renkou/country_54.html,https://img.phb123.com/uploads/guoqi/AU.jpg,"24,772,247",54,1.32%
喀麦隆,51.91,https://www.phb123.com/city/renkou/country_55.html,https://img.phb123.com/uploads/defaultpic.gif,"24,678,234",55,2.60%
尼日尔,17.61,https://www.phb123.com/city/renkou/country_57.html,https://img.phb123.com/uploads/defaultpic.gif,"22,311,375",57,3.88%
斯里兰卡,319.31,https://www.phb123.com/city/renkou/country_58.html,https://img.phb123.com/uploads/defaultpic.gif,"20,950,041",58,0.35%
布基纳法索,72.36,https://www.phb123.com/city/renkou/country_59.html,https://img.phb123.com/uploads/defaultpic.gif,"19,751,651",59,2.91%
罗马尼亚,82.14,https://www.phb123.com/city/renkou/country_60.html,https://img.phb123.com/uploads/guoqi/RO.jpg,"19,580,634",60,0.00%
马拉维,161.75,https://www.phb123.com/city/renkou/country_61.html,https://img.phb123.com/uploads/defaultpic.gif,"19,164,728",61,2.91%
马里,15.41,https://www.phb123.com/city/renkou/country_62.html,https://img.phb123.com/uploads/defaultpic.gif,"19,107,706",62,3.05%
哈萨克斯坦,6.75,https://www.phb123.com/city/renkou/country_63.html,https://img.phb123.com/uploads/guoqi/KZ.jpg,"18,403,860",63,1.10%
叙利亚,98.74,https://www.phb123.com/city/renkou/country_64.html,https://img.phb123.com/uploads/defaultpic.gif,"18,284,407",64,0.08%
智利,24.07,https://www.phb123.com/city/renkou/country_65.html,https://img.phb123.com/uploads/guoqi/CL.jpg,"18,197,209",65,0.79%
赞比亚,23.4,https://www.phb123.com/city/renkou/country_66.html,https://img.phb123.com/uploads/defaultpic.gif,"17,609,178",66,3.01%
危地马拉,158.38,https://www.phb123.com/city/renkou/country_67.html,https://img.phb123.com/uploads/defaultpic.gif,"17,245,346",67,1.96%
荷兰,408.23,https://www.phb123.com/city/renkou/country_68.html,https://img.phb123.com/uploads/guoqi/NL.jpg,"17,084,459",68,0.28%
津巴布韦,43.28,https://www.phb123.com/city/renkou/country_69.html,https://img.phb123.com/uploads/defaultpic.gif,"16,913,261",69,2.32%
厄瓜多尔,60.91,https://www.phb123.com/city/renkou/country_70.html,https://img.phb123.com/uploads/defaultpic.gif,"16,863,425",70,1.44%
塞内加尔,82.83,https://www.phb123.com/city/renkou/country_71.html,https://img.phb123.com/uploads/defaultpic.gif,"16,294,270",71,2.80%
柬埔寨,89.74,https://www.phb123.com/city/renkou/country_72.html,https://img.phb123.com/uploads/defaultpic.gif,"16,245,729",72,1.50%
乍得,11.96,https://www.phb123.com/city/renkou/country_73.html,https://img.phb123.com/uploads/defaultpic.gif,"15,353,184",73,3.04%
索马里,23.81,https://www.phb123.com/city/renkou/country_74.html,https://img.phb123.com/uploads/defaultpic.gif,"15,181,925",74,2.98%
几内亚,53.09,https://www.phb123.com/city/renkou/country_75.html,https://img.phb123.com/uploads/defaultpic.gif,"13,052,608",75,2.64%
南苏丹,20.85,https://www.phb123.com/city/renkou/country_76.html,https://img.phb123.com/uploads/defaultpic.gif,"12,919,053",76,2.73%
卢旺达,474.64,https://www.phb123.com/city/renkou/country_77.html,https://img.phb123.com/uploads/defaultpic.gif,"12,501,156",77,2.40%
突尼斯,71.26,https://www.phb123.com/city/renkou/country_78.html,https://img.phb123.com/uploads/defaultpic.gif,"11,659,174",78,1.10%
比利时,376.65,https://www.phb123.com/city/renkou/country_79.html,https://img.phb123.com/uploads/guoqi/BE.jpg,"11,498,519",79,0.61%
古巴,104.56,https://www.phb123.com/city/renkou/country_80.html,https://img.phb123.com/uploads/defaultpic.gif,"11,489,082",80,0.04%
贝宁,101.98,https://www.phb123.com/city/renkou/country_81.html,https://img.phb123.com/uploads/defaultpic.gif,"11,485,674",81,2.77%
布隆迪,402.98,https://www.phb123.com/city/renkou/country_82.html,https://img.phb123.com/uploads/defaultpic.gif,"11,216,450",82,3.24%
玻利维亚,10.21,https://www.phb123.com/city/renkou/country_83.html,https://img.phb123.com/uploads/defaultpic.gif,"11,215,674",83,1.48%
希腊,84.42,https://www.phb123.com/city/renkou/country_84.html,https://img.phb123.com/uploads/guoqi/GR.jpg,"11,142,161",84,0.00%
海地,400.47,https://www.phb123.com/city/renkou/country_85.html,https://img.phb123.com/uploads/defaultpic.gif,"11,112,945",85,1.20%
多明尼加共和国,223.6,https://www.phb123.com/city/renkou/country_86.html,https://img.phb123.com/uploads/defaultpic.gif,"10,882,996",86,1.08%
捷克共和国,134.73,https://www.phb123.com/city/renkou/country_87.html,https://img.phb123.com/uploads/guoqi/CZ.jpg,"10,625,250",87,0.07%
葡萄牙,111.75,https://www.phb123.com/city/renkou/country_88.html,https://img.phb123.com/uploads/guoqi/PT.jpg,"10,291,196",88,0.00%
瑞典,22.17,https://www.phb123.com/city/renkou/country_89.html,https://img.phb123.com/uploads/guoqi/SE.jpg,"9,982,709",89,0.73%
阿塞拜疆,114.59,https://www.phb123.com/city/renkou/country_90.html,https://img.phb123.com/uploads/defaultpic.gif,"9,923,914",90,0.98%
约旦,110.85,https://www.phb123.com/city/renkou/country_91.html,https://img.phb123.com/uploads/defaultpic.gif,"9,903,802",91,2.08%
匈牙利,104.15,https://www.phb123.com/city/renkou/country_92.html,https://img.phb123.com/uploads/defaultpic.gif,"9,688,847",92,0.00%
阿联酋,114.13,https://www.phb123.com/city/renkou/country_93.html,https://img.phb123.com/uploads/defaultpic.gif,"9,541,615",93,1.50%
白俄罗斯,45.53,https://www.phb123.com/city/renkou/country_94.html,https://img.phb123.com/uploads/defaultpic.gif,"9,452,113",94,0.00%
洪都拉斯,83.71,https://www.phb123.com/city/renkou/country_95.html,https://img.phb123.com/uploads/defaultpic.gif,"9,417,167",95,1.64%
塔吉克斯坦,63.64,https://www.phb123.com/city/renkou/country_96.html,https://img.phb123.com/uploads/defaultpic.gif,"9,107,211",96,2.08%
塞尔维亚,99.16,https://www.phb123.com/city/renkou/country_97.html,https://img.phb123.com/uploads/defaultpic.gif,"8,762,027",97,0.00%
奥地利,104.35,https://www.phb123.com/city/renkou/country_98.html,https://img.phb123.com/uploads/guoqi/AT.jpg,"8,751,820",98,0.19%
瑞士,206.96,https://www.phb123.com/city/renkou/country_99.html,https://img.phb123.com/uploads/guoqi/CH.jpg,"8,544,034",99,0.80%
以色列,406.97,https://www.phb123.com/city/renkou/country_100.html,https://img.phb123.com/uploads/guoqi/IL.jpg,"8,452,841",100,1.58%
巴布亚新几内亚,18.19,https://www.phb123.com/city/renkou/country_101.html,https://img.phb123.com/uploads/defaultpic.gif,"8,418,346",101,2.03%
多哥,140.72,https://www.phb123.com/city/renkou/country_102.html,https://img.phb123.com/uploads/defaultpic.gif,"7,990,926",102,2.48%
塞拉利昂,107.61,https://www.phb123.com/city/renkou/country_103.html,https://img.phb123.com/uploads/defaultpic.gif,"7,719,729",103,2.15%
保加利亚,63.46,https://www.phb123.com/city/renkou/country_105.html,https://img.phb123.com/uploads/defaultpic.gif,"7,036,848",105,0.00%
老挝,29.4,https://www.phb123.com/city/renkou/country_106.html,https://img.phb123.com/uploads/defaultpic.gif,"6,961,210",106,1.50%
巴拉圭,16.96,https://www.phb123.com/city/renkou/country_107.html,https://img.phb123.com/uploads/defaultpic.gif,"6,896,908",107,1.26%
利比亚,3.68,https://www.phb123.com/city/renkou/country_108.html,https://img.phb123.com/uploads/defaultpic.gif,"6,470,956",108,1.51%
萨尔瓦多,304.72,https://www.phb123.com/city/renkou/country_109.html,https://img.phb123.com/uploads/defaultpic.gif,"6,411,558",109,0.53%
尼加拉瓜,48.21,https://www.phb123.com/city/renkou/country_110.html,https://img.phb123.com/uploads/defaultpic.gif,"6,284,757",110,1.08%
吉尔吉斯斯坦,30.67,https://www.phb123.com/city/renkou/country_111.html,https://img.phb123.com/uploads/defaultpic.gif,"6,132,932",111,1.45%
黎巴嫩,583,https://www.phb123.com/city/renkou/country_112.html,https://img.phb123.com/uploads/guoqi/LB.jpg,"6,093,509",112,0.18%
土库曼斯坦,11.99,https://www.phb123.com/city/renkou/country_113.html,https://img.phb123.com/uploads/defaultpic.gif,"5,851,466",113,1.62%
新加坡,8157.61,https://www.phb123.com/city/renkou/country_114.html,https://img.phb123.com/uploads/guoqi/SG.jpg,"5,791,901",114,1.45%
丹麦,133.53,https://www.phb123.com/city/renkou/country_115.html,https://img.phb123.com/uploads/guoqi/DK.jpg,"5,754,356",115,0.36%
芬兰,16.38,https://www.phb123.com/city/renkou/country_116.html,https://img.phb123.com/uploads/guoqi/FI.jpg,"5,542,517",116,0.35%
斯洛伐克,111.14,https://www.phb123.com/city/renkou/country_117.html,https://img.phb123.com/uploads/guoqi/SK.jpg,"5,449,816",117,0.04%
刚果共和国,34.83,https://www.phb123.com/city/renkou/country_118.html,https://img.phb123.com/uploads/defaultpic.gif,"5,399,895",118,2.11%
挪威,16.53,https://www.phb123.com/city/renkou/country_119.html,https://img.phb123.com/uploads/guoqi/NO.jpg,"5,353,363",119,0.90%
厄立特里亚,44.12,https://www.phb123.com/city/renkou/country_120.html,https://img.phb123.com/uploads/defaultpic.gif,"5,187,948",120,2.35%
巴勒斯坦,812.34,https://www.phb123.com/city/renkou/country_121.html,https://img.phb123.com/uploads/defaultpic.gif,"5,052,776",121,2.68%
哥斯达黎加,96.93,https://www.phb123.com/city/renkou/country_122.html,https://img.phb123.com/uploads/defaultpic.gif,"4,953,199",122,0.97%
利比里亚,43.58,https://www.phb123.com/city/renkou/country_123.html,https://img.phb123.com/uploads/defaultpic.gif,"4,853,516",123,2.57%
阿曼,15.61,https://www.phb123.com/city/renkou/country_124.html,https://img.phb123.com/uploads/guoqi/OM.jpg,"4,829,946",124,4.18%
爱尔兰,68.36,https://www.phb123.com/city/renkou/country_125.html,https://img.phb123.com/uploads/guoqi/IE.jpg,"4,803,748",125,0.88%
新西兰,17.56,https://www.phb123.com/city/renkou/country_126.html,https://img.phb123.com/uploads/guoqi/NZ.jpg,"4,749,598",126,0.93%
中非共和国,7.6,https://www.phb123.com/city/renkou/country_127.html,https://img.phb123.com/uploads/defaultpic.gif,"4,737,423",127,1.68%
毛里塔尼亚,4.4,https://www.phb123.com/city/renkou/country_128.html,https://img.phb123.com/uploads/defaultpic.gif,"4,540,068",128,2.71%
科威特,235.56,https://www.phb123.com/city/renkou/country_129.html,https://img.phb123.com/uploads/guoqi/KW.jpg,"4,197,128",129,1.46%
克罗地亚,73.59,https://www.phb123.com/city/renkou/country_130.html,https://img.phb123.com/uploads/defaultpic.gif,"4,164,783",130,0.00%
巴拿马,55.19,https://www.phb123.com/city/renkou/country_131.html,https://img.phb123.com/uploads/defaultpic.gif,"4,162,618",131,1.56%
摩尔多瓦,119.4,https://www.phb123.com/city/renkou/country_132.html,https://img.phb123.com/uploads/defaultpic.gif,"4,041,065",132,0.00%
格鲁吉亚,56.06,https://www.phb123.com/city/renkou/country_133.html,https://img.phb123.com/uploads/guoqi/GE.jpg,"3,907,131",133,0.00%
波多黎各,412.51,https://www.phb123.com/city/renkou/country_134.html,https://img.phb123.com/uploads/defaultpic.gif,"3,659,007",134,0.00%
波黑,68.42,https://www.phb123.com/city/renkou/country_135.html,https://img.phb123.com/uploads/defaultpic.gif,"3,503,554",135,0.00%
乌拉圭,19.17,https://www.phb123.com/city/renkou/country_136.html,https://img.phb123.com/uploads/defaultpic.gif,"3,469,551",136,0.37%
蒙古,2,https://www.phb123.com/city/renkou/country_137.html,https://img.phb123.com/uploads/defaultpic.gif,"3,121,772",137,1.50%
阿尔巴尼亚,102.07,https://www.phb123.com/city/renkou/country_138.html,https://img.phb123.com/uploads/defaultpic.gif,"2,934,363",138,0.14%
亚美尼亚,98.65,https://www.phb123.com/city/renkou/country_139.html,https://img.phb123.com/uploads/defaultpic.gif,"2,934,152",139,0.13%
牙买加,263.73,https://www.phb123.com/city/renkou/country_140.html,https://img.phb123.com/uploads/defaultpic.gif,"2,898,677",140,0.29%
立陶宛,44.05,https://www.phb123.com/city/renkou/country_141.html,https://img.phb123.com/uploads/guoqi/LT.jpg,"2,876,475",141,0.00%
卡塔尔,232.6,https://www.phb123.com/city/renkou/country_142.html,https://img.phb123.com/uploads/guoqi/QA.jpg,"2,694,849",142,2.11%
纳米比亚,3.13,https://www.phb123.com/city/renkou/country_143.html,https://img.phb123.com/uploads/defaultpic.gif,"2,587,801",143,2.13%
博茨瓦纳,4.01,https://www.phb123.com/city/renkou/country_144.html,https://img.phb123.com/uploads/defaultpic.gif,"2,333,201",144,1.81%
莱索托,74.55,https://www.phb123.com/city/renkou/country_145.html,https://img.phb123.com/uploads/defaultpic.gif,"2,263,010",145,1.33%
冈比亚,202.43,https://www.phb123.com/city/renkou/country_146.html,https://img.phb123.com/uploads/defaultpic.gif,"2,163,765",146,3.01%
马其顿,81.09,https://www.phb123.com/city/renkou/country_147.html,https://img.phb123.com/uploads/defaultpic.gif,"2,085,051",147,0.09%
斯洛文尼亚,102.66,https://www.phb123.com/city/renkou/country_148.html,https://img.phb123.com/uploads/defaultpic.gif,"2,081,260",148,0.06%
加蓬,7.72,https://www.phb123.com/city/renkou/country_149.html,https://img.phb123.com/uploads/defaultpic.gif,"2,067,561",149,2.09%
拉脱维亚,29.89,https://www.phb123.com/city/renkou/country_150.html,https://img.phb123.com/uploads/defaultpic.gif,"1,929,938",150,0.00%
几内亚比绍,52.8,https://www.phb123.com/city/renkou/country_151.html,https://img.phb123.com/uploads/defaultpic.gif,"1,907,268",151,2.47%
巴林,2048.36,https://www.phb123.com/city/renkou/country_152.html,https://img.phb123.com/uploads/defaultpic.gif,"1,566,993",152,4.99%
斯威士兰,80.13,https://www.phb123.com/city/renkou/country_153.html,https://img.phb123.com/uploads/guoqi/SZ.jpg,"1,391,385",153,1.76%
特立尼达和多巴哥,267.56,https://www.phb123.com/city/renkou/country_154.html,https://img.phb123.com/uploads/defaultpic.gif,"1,372,598",154,0.25%
东帝汶,89.02,https://www.phb123.com/city/renkou/country_155.html,https://img.phb123.com/uploads/defaultpic.gif,"1,324,094",155,2.14%
赤道几内亚,46.84,https://www.phb123.com/city/renkou/country_156.html,https://img.phb123.com/uploads/defaultpic.gif,"1,313,894",156,3.64%
爱沙尼亚,28.89,https://www.phb123.com/city/renkou/country_157.html,https://img.phb123.com/uploads/defaultpic.gif,"1,306,788",157,0.00%
毛里求斯,621.72,https://www.phb123.com/city/renkou/country_158.html,https://img.phb123.com/uploads/defaultpic.gif,"1,268,315",158,0.25%
塞浦路斯,128.54,https://www.phb123.com/city/renkou/country_159.html,https://img.phb123.com/uploads/guoqi/CY.jpg,"1,189,085",159,0.81%
吉布提,41.87,https://www.phb123.com/city/renkou/country_160.html,https://img.phb123.com/uploads/defaultpic.gif,"971,408",160,1.51%
斐济,49.93,https://www.phb123.com/city/renkou/country_161.html,https://img.phb123.com/uploads/defaultpic.gif,"912,241",161,0.74%
留尼旺岛,351.75,https://www.phb123.com/city/renkou/country_162.html,https://img.phb123.com/uploads/defaultpic.gif,"883,247",162,0.76%
科摩罗,447.02,https://www.phb123.com/city/renkou/country_163.html,https://img.phb123.com/uploads/defaultpic.gif,"832,347",163,2.26%
不丹,21.28,https://www.phb123.com/city/renkou/country_164.html,https://img.phb123.com/uploads/defaultpic.gif,"817,054",164,1.17%
圭亚那,3.64,https://www.phb123.com/city/renkou/country_165.html,https://img.phb123.com/uploads/defaultpic.gif,"782,225",165,0.56%
黑山,45.56,https://www.phb123.com/city/renkou/country_167.html,https://img.phb123.com/uploads/defaultpic.gif,"629,219",167,0.04%
所罗门群岛,21.57,https://www.phb123.com/city/renkou/country_168.html,https://img.phb123.com/uploads/defaultpic.gif,"623,281",168,1.95%
卢森堡,228.28,https://www.phb123.com/city/renkou/country_169.html,https://img.phb123.com/uploads/defaultpic.gif,"590,321",169,1.18%
苏里南,3.47,https://www.phb123.com/city/renkou/country_170.html,https://img.phb123.com/uploads/defaultpic.gif,"568,301",170,0.87%
西撒哈拉,2.13,https://www.phb123.com/city/renkou/country_171.html,https://img.phb123.com/uploads/defaultpic.gif,"567,421",171,2.68%
佛得角,137.2,https://www.phb123.com/city/renkou/country_172.html,https://img.phb123.com/uploads/defaultpic.gif,"553,335",172,1.27%
瓜德罗普岛,275.9,https://www.phb123.com/city/renkou/country_173.html,https://img.phb123.com/uploads/defaultpic.gif,"449,173",173,0.00%
马尔代夫,1480.86,https://www.phb123.com/city/renkou/country_174.html,https://img.phb123.com/uploads/defaultpic.gif,"444,259",174,1.82%
文莱,75.3,https://www.phb123.com/city/renkou/country_175.html,https://img.phb123.com/uploads/defaultpic.gif,"434,076",175,1.25%
马耳他,1367.37,https://www.phb123.com/city/renkou/country_176.html,https://img.phb123.com/uploads/defaultpic.gif,"432,089",176,0.29%
巴哈马,28.64,https://www.phb123.com/city/renkou/country_177.html,https://img.phb123.com/uploads/defaultpic.gif,"399,285",177,0.99%
马提尼克,341.37,https://www.phb123.com/city/renkou/country_178.html,https://img.phb123.com/uploads/defaultpic.gif,"385,065",178,0.04%
伯利兹,16.65,https://www.phb123.com/city/renkou/country_179.html,https://img.phb123.com/uploads/defaultpic.gif,"382,444",179,2.07%
冰岛,3.28,https://www.phb123.com/city/renkou/country_180.html,https://img.phb123.com/uploads/guoqi/IS.jpg,"337,780",180,0.82%
法属圭亚那,3.47,https://www.phb123.com/city/renkou/country_181.html,https://img.phb123.com/uploads/defaultpic.gif,"289,763",181,2.49%
巴巴多斯,666.02,https://www.phb123.com/city/renkou/country_182.html,https://img.phb123.com/uploads/defaultpic.gif,"286,388",182,0.23%
法属玻利尼西亚,68.6,https://www.phb123.com/city/renkou/country_183.html,https://img.phb123.com/uploads/defaultpic.gif,"285,859",183,1.01%
瓦努阿图,23.15,https://www.phb123.com/city/renkou/country_184.html,https://img.phb123.com/uploads/defaultpic.gif,"282,117",184,2.13%
新喀里多尼亚,15.06,https://www.phb123.com/city/renkou/country_185.html,https://img.phb123.com/uploads/defaultpic.gif,"279,821",185,1.29%
马约特岛,694.34,https://www.phb123.com/city/renkou/country_186.html,https://img.phb123.com/uploads/defaultpic.gif,"259,682",186,2.62%
圣多美和普林西比,216.62,https://www.phb123.com/city/renkou/country_187.html,https://img.phb123.com/uploads/defaultpic.gif,"208,818",187,2.20%
萨摩亚,69.56,https://www.phb123.com/city/renkou/country_188.html,https://img.phb123.com/uploads/defaultpic.gif,"197,695",188,0.64%
圣露西亚,291.67,https://www.phb123.com/city/renkou/country_189.html,https://img.phb123.com/uploads/defaultpic.gif,"179,667",189,0.46%
关岛,301.85,https://www.phb123.com/city/renkou/country_190.html,https://img.phb123.com/uploads/defaultpic.gif,"165,718",190,0.91%
库拉索,363.91,https://www.phb123.com/city/renkou/country_191.html,https://img.phb123.com/uploads/defaultpic.gif,"161,577",191,0.65%
基里巴斯,146.01,https://www.phb123.com/city/renkou/country_192.html,https://img.phb123.com/uploads/defaultpic.gif,"118,414",192,1.73%
圣文森特和格林纳丁斯,283.29,https://www.phb123.com/city/renkou/country_193.html,https://img.phb123.com/uploads/defaultpic.gif,"110,200",193,0.28%
汤加,145.93,https://www.phb123.com/city/renkou/country_194.html,https://img.phb123.com/uploads/defaultpic.gif,"109,008",194,0.91%
格林纳达,314.94,https://www.phb123.com/city/renkou/country_195.html,https://img.phb123.com/uploads/defaultpic.gif,"108,339",195,0.48%
密克罗尼西亚,151.32,https://www.phb123.com/city/renkou/country_196.html,https://img.phb123.com/uploads/defaultpic.gif,"106,227",196,0.65%
阿鲁巴岛,587.06,https://www.phb123.com/city/renkou/country_197.html,https://img.phb123.com/uploads/defaultpic.gif,"105,670",197,0.39%
美属维尔京群岛,302.35,https://www.phb123.com/city/renkou/country_198.html,https://img.phb123.com/uploads/defaultpic.gif,"104,914",198,0.01%
安提瓜和巴布达,233.14,https://www.phb123.com/city/renkou/country_199.html,https://img.phb123.com/uploads/defaultpic.gif,"103,050",199,1.02%
塞舌尔,210.7,https://www.phb123.com/city/renkou/country_200.html,https://img.phb123.com/uploads/defaultpic.gif,"95,235",200,0.53%
马恩岛,148.31,https://www.phb123.com/city/renkou/country_201.html,https://img.phb123.com/uploads/defaultpic.gif,"84,831",201,0.65%
安道尔,164.43,https://www.phb123.com/city/renkou/country_202.html,https://img.phb123.com/uploads/defaultpic.gif,"76,953",202,0.00%
多米尼克,98.95,https://www.phb123.com/city/renkou/country_203.html,https://img.phb123.com/uploads/defaultpic.gif,"74,308",203,0.52%
开曼群岛,236.17,https://www.phb123.com/city/renkou/country_204.html,https://img.phb123.com/uploads/defaultpic.gif,"62,348",204,1.28%
百慕大,1130.93,https://www.phb123.com/city/renkou/country_205.html,https://img.phb123.com/uploads/defaultpic.gif,"61,070",205,0.00%
格陵兰岛,0.03,https://www.phb123.com/city/renkou/country_206.html,https://img.phb123.com/uploads/defaultpic.gif,"56,565",206,0.15%
圣基茨和尼维斯,213.98,https://www.phb123.com/city/renkou/country_207.html,https://img.phb123.com/uploads/guoqi/KN.jpg,"55,850",207,0.91%
美属萨摩亚,279.79,https://www.phb123.com/city/renkou/country_208.html,https://img.phb123.com/uploads/defaultpic.gif,"55,679",208,0.07%
北马里亚纳群岛,118.95,https://www.phb123.com/city/renkou/country_209.html,https://img.phb123.com/uploads/defaultpic.gif,"55,194",209,0.09%
马绍尔群岛,293.74,https://www.phb123.com/city/renkou/country_210.html,https://img.phb123.com/uploads/defaultpic.gif,"53,167",210,0.08%
法罗群岛,35.53,https://www.phb123.com/city/renkou/country_211.html,https://img.phb123.com/uploads/defaultpic.gif,"49,489",211,0.40%
圣马丁岛,1192.71,https://www.phb123.com/city/renkou/country_212.html,https://img.phb123.com/uploads/defaultpic.gif,"40,552",212,1.08%
摩纳哥,19255.94,https://www.phb123.com/city/renkou/country_213.html,https://img.phb123.com/uploads/guoqi/MC.jpg,"38,897",213,0.52%
列支敦士登,238.47,https://www.phb123.com/city/renkou/country_214.html,https://img.phb123.com/uploads/guoqi/LI.jpg,"38,155",214,0.61%
特克斯和凯科斯群岛,37.94,https://www.phb123.com/city/renkou/country_215.html,https://img.phb123.com/uploads/defaultpic.gif,"35,963",215,1.46%
直布罗陀,5788.83,https://www.phb123.com/city/renkou/country_216.html,https://img.phb123.com/uploads/defaultpic.gif,"34,733",216,0.47%
圣马力诺,550.11,https://www.phb123.com/city/renkou/country_217.html,https://img.phb123.com/uploads/defaultpic.gif,"33,557",217,0.47%
英属维尔京群岛,210.06,https://www.phb123.com/city/renkou/country_218.html,https://img.phb123.com/uploads/defaultpic.gif,"31,719",218,1.68%
帕劳,47.85,https://www.phb123.com/city/renkou/country_219.html,https://img.phb123.com/uploads/defaultpic.gif,"21,964",219,1.08%
库克群岛,73.78,https://www.phb123.com/city/renkou/country_220.html,https://img.phb123.com/uploads/defaultpic.gif,"17,411",220,0.18%
安圭拉,165.33,https://www.phb123.com/city/renkou/country_221.html,https://img.phb123.com/uploads/defaultpic.gif,"15,045",221,0.91%
瓦利斯和富图纳群岛,82.27,https://www.phb123.com/city/renkou/country_222.html,https://img.phb123.com/uploads/defaultpic.gif,"11,683",222,0.00%
瑙鲁,538.67,https://www.phb123.com/city/renkou/country_223.html,https://img.phb123.com/uploads/defaultpic.gif,"11,312",223,0.00%
